DATE,IPB50001N
1919-01-01,4.7841
1919-02-01,4.5959
1919-03-01,4.4884
1919-04-01,4.5691
1919-05-01,4.7035
1919-06-01,4.9991
1919-07-01,5.1604
1919-08-01,5.2679
1919-09-01,5.2947
1919-10-01,5.2679
1919-11-01,5.1604
1919-12-01,4.811
1920-01-01,5.4829
1920-02-01,5.5098
1920-03-01,5.5098
1920-04-01,5.1604
1920-05-01,5.4829
1920-06-01,5.4829
1920-07-01,5.1872
1920-08-01,5.2947
1920-09-01,5.1872
1920-10-01,5.0528
1920-11-01,4.5691
1920-12-01,4.0047
1921-01-01,3.924
1921-02-01,3.8703
1921-03-01,3.7628
1921-04-01,3.7896
1921-05-01,3.9778
1921-06-01,3.924
1921-07-01,3.7896
1921-08-01,3.9778
1921-09-01,4.0853
1921-10-01,4.3541
1921-11-01,4.2465
1921-12-01,3.8971
1922-01-01,4.2465
1922-02-01,4.5422
1922-03-01,4.811
1922-04-01,4.5959
1922-05-01,4.8916
1922-06-01,5.1335
1922-07-01,4.9991
1922-08-01,4.9185
1922-09-01,5.2947
1922-10-01,5.6979
1922-11-01,5.8591
1922-12-01,5.6441
1923-01-01,5.6441
1923-02-01,5.8323
1923-03-01,6.101
1923-04-01,6.2085
1923-05-01,6.3698
1923-06-01,6.2892
1923-07-01,6.0742
1923-08-01,6.101
1923-09-01,6.101
1923-10-01,6.101
1923-11-01,5.9398
1923-12-01,5.4829
1924-01-01,5.7248
1924-02-01,5.9667
1924-03-01,5.9667
1924-04-01,5.7516
1924-05-01,5.5366
1924-06-01,5.2679
1924-07-01,5.0528
1924-08-01,5.3754
1924-09-01,5.7248
1924-10-01,5.8591
1924-11-01,5.8054
1924-12-01,5.6441
1925-01-01,5.9667
1925-02-01,6.101
1925-03-01,6.1817
1925-04-01,6.2085
1925-05-01,6.2085
1925-06-01,6.101
1925-07-01,6.101
1925-08-01,6.2085
1925-09-01,6.2892
1925-10-01,6.5042
1925-11-01,6.4504
1925-12-01,6.1817
1926-01-01,6.2085
1926-02-01,6.4236
1926-03-01,6.558
1926-04-01,6.5311
1926-05-01,6.5311
1926-06-01,6.5311
1926-07-01,6.4236
1926-08-01,6.7461
1926-09-01,6.988
1926-10-01,6.988
1926-11-01,6.7461
1926-12-01,6.3161
1927-01-01,6.4236
1927-02-01,6.7461
1927-03-01,6.8805
1927-04-01,6.7461
1927-05-01,6.773
1927-06-01,6.7192
1927-07-01,6.4236
1927-08-01,6.6386
1927-09-01,6.7192
1927-10-01,6.6117
1927-11-01,6.3161
1927-12-01,5.9935
1928-01-01,6.2623
1928-02-01,6.558
1928-03-01,6.7192
1928-04-01,6.7192
1928-05-01,6.773
1928-06-01,6.773
1928-07-01,6.6655
1928-08-01,7.0149
1928-09-01,7.2836
1928-10-01,7.418
1928-11-01,7.1761
1928-12-01,6.773
1929-01-01,7.1761
1929-02-01,7.4718
1929-03-01,7.5793
1929-04-01,7.7943
1929-05-01,7.9824
1929-06-01,7.9018
1929-07-01,7.7405
1929-08-01,7.8749
1929-09-01,8.0362
1929-10-01,7.9018
1929-11-01,7.1761
1929-12-01,6.4504
1930-01-01,6.6386
1930-02-01,6.8805
1930-03-01,6.8267
1930-04-01,6.9073
1930-05-01,6.8805
1930-06-01,6.6117
1930-07-01,6.101
1930-08-01,6.0742
1930-09-01,6.1817
1930-10-01,5.9667
1930-11-01,5.5366
1930-12-01,5.1604
1931-01-01,5.1872
1931-02-01,5.4829
1931-03-01,5.6173
1931-04-01,5.7516
1931-05-01,5.6979
1931-06-01,5.4829
1931-07-01,5.2679
1931-08-01,5.1604
1931-09-01,5.1335
1931-10-01,4.8916
1931-11-01,4.6497
1931-12-01,4.3809
1932-01-01,4.3541
1932-02-01,4.4347
1932-03-01,4.3272
1932-04-01,4.139
1932-05-01,4.0047
1932-06-01,3.8703
1932-07-01,3.6284
1932-08-01,3.7628
1932-09-01,4.2197
1932-10-01,4.3272
1932-11-01,4.139
1932-12-01,3.8971
1933-01-01,3.8971
1933-02-01,4.0315
1933-03-01,3.7628
1933-04-01,4.1122
1933-05-01,4.811
1933-06-01,5.5098
1933-07-01,5.8591
1933-08-01,5.6979
1933-09-01,5.5904
1933-10-01,5.1872
1933-11-01,4.7841
1933-12-01,4.6497
1934-01-01,4.811
1934-02-01,5.2679
1934-03-01,5.5366
1934-04-01,5.6441
1934-05-01,5.7248
1934-06-01,5.6173
1934-07-01,5.1066
1934-08-01,5.1335
1934-09-01,5.026
1934-10-01,5.1066
1934-11-01,4.9453
1934-12-01,5.1335
1935-01-01,5.6173
1935-02-01,5.9398
1935-03-01,5.9129
1935-04-01,5.8323
1935-05-01,5.8323
1935-06-01,5.8323
1935-07-01,5.7516
1935-08-01,6.0742
1935-09-01,6.3161
1935-10-01,6.6117
1935-11-01,6.6117
1935-12-01,6.4504
1936-01-01,6.3161
1936-02-01,6.3161
1936-03-01,6.4236
1936-04-01,6.8805
1936-05-01,7.0955
1936-06-01,7.1224
1936-07-01,7.1224
1936-08-01,7.3643
1936-09-01,7.6599
1936-10-01,7.8749
1936-11-01,7.9018
1936-12-01,7.9018
1937-01-01,7.6868
1937-02-01,8.0093
1937-03-01,8.3318
1937-04-01,8.3856
1937-05-01,8.4931
1937-06-01,8.2512
1937-07-01,8.1168
1937-08-01,8.2512
1937-09-01,8.1974
1937-10-01,7.6868
1937-11-01,6.7461
1937-12-01,5.9667
1938-01-01,5.6979
1938-02-01,5.7516
1938-03-01,5.8323
1938-04-01,5.6979
1938-05-01,5.6441
1938-06-01,5.6441
1938-07-01,5.9398
1938-08-01,6.3967
1938-09-01,6.773
1938-10-01,6.9611
1938-11-01,7.0955
1938-12-01,6.9073
1939-01-01,7.0955
1939-02-01,7.0955
1939-03-01,7.0955
1939-04-01,6.9611
1939-05-01,6.988
1939-06-01,7.2299
1939-07-01,7.3643
1939-08-01,7.4718
1939-09-01,8.0362
1939-10-01,8.5468
1939-11-01,8.7887
1939-12-01,8.735
1940-01-01,8.6006
1940-02-01,8.2512
1940-03-01,8.0362
1940-04-01,8.0899
1940-05-01,8.3587
1940-06-01,8.7081
1940-07-01,8.735
1940-08-01,8.8425
1940-09-01,9.1381
1940-10-01,9.3531
1940-11-01,9.595
1940-12-01,9.8638
1941-01-01,10.0788
1941-02-01,10.2938
1941-03-01,10.5626
1941-04-01,10.5088
1941-05-01,11.0195
1941-06-01,11.2076
1941-07-01,11.2345
1941-08-01,11.4227
1941-09-01,11.5302
1941-10-01,11.6914
1941-11-01,11.7721
1941-12-01,11.9064
1942-01-01,12.1215
1942-02-01,12.2827
1942-03-01,12.3902
1942-04-01,11.9871
1942-05-01,12.0408
1942-06-01,12.1483
1942-07-01,12.3634
1942-08-01,12.7934
1942-09-01,13.089
1942-10-01,13.5459
1942-11-01,13.8685
1942-12-01,14.1641
1943-01-01,14.3254
1943-02-01,14.6748
1943-03-01,14.836
1943-04-01,14.9973
1943-05-01,15.1317
1943-06-01,15.1317
1943-07-01,15.4273
1943-08-01,15.7767
1943-09-01,16.0992
1943-10-01,16.3411
1943-11-01,16.5024
1943-12-01,16.2605
1944-01-01,16.583
1944-02-01,16.798
1944-03-01,16.8249
1944-04-01,16.8249
1944-05-01,16.798
1944-06-01,16.8249
1944-07-01,16.583
1944-08-01,16.7443
1944-09-01,16.5024
1944-10-01,16.5024
1944-11-01,16.368
1944-12-01,16.2605
1945-01-01,16.2874
1945-02-01,16.3411
1945-03-01,16.2874
1945-04-01,16.0186
1945-05-01,15.6692
1945-06-01,15.3735
1945-07-01,14.836
1945-08-01,13.2503
1945-09-01,12.014
1945-10-01,11.4764
1945-11-01,11.9064
1945-12-01,11.8796
1946-01-01,11.3689
1946-02-01,10.8582
1946-03-01,12.014
1946-04-01,11.7721
1946-05-01,11.342
1946-06-01,12.1215
1946-07-01,12.3902
1946-08-01,12.8471
1946-09-01,13.089
1946-10-01,13.2503
1946-11-01,13.304
1946-12-01,13.2772
1947-01-01,13.5459
1947-02-01,13.8147
1947-03-01,13.8685
1947-04-01,13.5997
1947-05-01,13.5191
1947-06-01,13.6266
1947-07-01,12.8471
1947-08-01,13.8147
1947-09-01,14.1641
1947-10-01,14.5672
1947-11-01,14.4597
1947-12-01,14.191
1948-01-01,14.2716
1948-02-01,14.4329
1948-03-01,14.2179
1948-04-01,14.0835
1948-05-01,14.191
1948-06-01,14.4597
1948-07-01,13.8147
1948-08-01,14.621
1948-09-01,14.8629
1948-10-01,15.1854
1948-11-01,14.6748
1948-12-01,14.2179
1949-01-01,14.0566
1949-02-01,14.0835
1949-03-01,13.8147
1949-04-01,13.5191
1949-05-01,13.2503
1949-06-01,13.304
1949-07-01,12.6321
1949-08-01,13.7072
1949-09-01,14.0566
1949-10-01,13.7609
1949-11-01,13.7072
1949-12-01,13.6266
1950-01-01,13.976
1950-02-01,14.1641
1950-03-01,14.621
1950-04-01,14.9704
1950-05-01,15.1048
1950-06-01,15.6961
1950-07-01,15.2392
1950-08-01,16.9593
1950-09-01,17.0937
1950-10-01,17.5506
1950-11-01,16.9593
1950-12-01,16.9324
1951-01-01,17.0399
1951-02-01,17.4162
1951-03-01,17.5506
1951-04-01,17.3624
1951-05-01,17.0668
1951-06-01,17.2549
1951-07-01,15.9917
1951-08-01,16.8518
1951-09-01,17.2549
1951-10-01,17.3893
1951-11-01,17.1743
1951-12-01,16.9324
1952-01-01,17.2012
1952-02-01,17.6043
1952-03-01,17.7118
1952-04-01,17.2549
1952-05-01,16.9593
1952-06-01,17.013
1952-07-01,15.7767
1952-08-01,17.7656
1952-09-01,18.76
1952-10-01,19.1363
1952-11-01,19.1363
1952-12-01,18.8407
1953-01-01,19.0288
1953-02-01,19.5395
1953-03-01,19.7814
1953-04-01,19.5932
1953-05-01,19.5932
1953-06-01,19.647
1953-07-01,18.6794
1953-08-01,19.5932
1953-09-01,19.4857
1953-10-01,19.5932
1953-11-01,18.6794
1953-12-01,17.9269
1954-01-01,18.0075
1954-02-01,18.2763
1954-03-01,18.1956
1954-04-01,17.9806
1954-05-01,18.0075
1954-06-01,18.2225
1954-07-01,17.1474
1954-08-01,18.0075
1954-09-01,18.3838
1954-10-01,18.7869
1954-11-01,18.8407
1954-12-01,18.76
1955-01-01,19.217
1955-02-01,19.7276
1955-03-01,20.1845
1955-04-01,20.3458
1955-05-01,20.507
1955-06-01,20.7489
1955-07-01,19.5932
1955-08-01,20.5877
1955-09-01,21.0983
1955-10-01,21.7434
1955-11-01,21.5284
1955-12-01,21.2058
1956-01-01,21.2596
1956-02-01,21.4746
1956-03-01,21.5015
1956-04-01,21.6359
1956-05-01,21.3133
1956-06-01,21.4209
1956-07-01,19.3782
1956-08-01,21.2058
1956-09-01,21.9853
1956-10-01,22.4153
1956-11-01,21.9853
1956-12-01,21.7703
1957-01-01,21.7703
1957-02-01,22.3078
1957-03-01,22.3347
1957-04-01,21.8778
1957-05-01,21.7165
1957-06-01,22.1734
1957-07-01,20.8564
1957-08-01,22.0659
1957-09-01,22.1197
1957-10-01,21.9853
1957-11-01,21.2058
1957-12-01,20.292
1958-01-01,20.0233
1958-02-01,19.8082
1958-03-01,19.5932
1958-04-01,19.217
1958-05-01,19.3245
1958-06-01,20.2383
1958-07-01,19.2707
1958-08-01,20.6145
1958-09-01,21.3133
1958-10-01,21.5284
1958-11-01,21.824
1958-12-01,21.3671
1959-01-01,21.7434
1959-02-01,22.4153
1959-03-01,22.8991
1959-04-01,23.3291
1959-05-01,23.5979
1959-06-01,24.0548
1959-07-01,22.0928
1959-08-01,22.2272
1959-09-01,22.6572
1959-10-01,22.6841
1959-11-01,22.3347
1959-12-01,23.141
1960-01-01,23.8129
1960-02-01,23.9473
1960-03-01,23.8935
1960-04-01,23.7054
1960-05-01,23.6516
1960-06-01,23.7054
1960-07-01,22.2809
1960-08-01,23.0335
1960-09-01,23.3829
1960-10-01,23.4904
1960-11-01,22.6572
1960-12-01,21.6627
1961-01-01,21.7703
1961-02-01,22.0121
1961-03-01,22.3078
1961-04-01,22.8722
1961-05-01,23.2216
1961-06-01,23.8935
1961-07-01,22.6841
1961-08-01,23.8398
1961-09-01,24.4042
1961-10-01,24.9686
1961-11-01,24.7536
1961-12-01,24.3773
1962-01-01,24.1892
1962-02-01,24.9417
1962-03-01,25.318
1962-04-01,25.4255
1962-05-01,25.4255
1962-06-01,25.7749
1962-07-01,24.4848
1962-08-01,25.2642
1962-09-01,26.2318
1962-10-01,26.3393
1962-11-01,25.8555
1962-12-01,25.2105
1963-01-01,25.4255
1963-02-01,26.2587
1963-03-01,26.6081
1963-04-01,26.8231
1963-05-01,27.0919
1963-06-01,27.6025
1963-07-01,25.7749
1963-08-01,26.5275
1963-09-01,27.71
1963-10-01,28.1669
1963-11-01,27.6563
1963-12-01,26.8769
1964-01-01,27.2263
1964-02-01,28.0326
1964-03-01,28.1669
1964-04-01,28.6238
1964-05-01,28.7582
1964-06-01,29.2151
1964-07-01,27.495
1964-08-01,28.5701
1964-09-01,29.7258
1964-10-01,29.4839
1964-11-01,29.6721
1964-12-01,29.2958
1965-01-01,29.7795
1965-02-01,30.559
1965-03-01,31.204
1965-04-01,31.204
1965-05-01,31.4459
1965-06-01,32.1985
1965-07-01,30.4515
1965-08-01,31.3922
1965-09-01,32.4404
1965-10-01,33.1929
1965-11-01,32.6554
1965-12-01,32.1178
1966-01-01,32.5748
1966-02-01,33.4886
1966-03-01,34.1605
1966-04-01,34.1067
1966-05-01,34.3486
1966-06-01,35.128
1966-07-01,32.951
1966-08-01,34.1336
1966-09-01,35.7193
1966-10-01,36.0956
1966-11-01,35.128
1966-12-01,34.2411
1967-01-01,34.4561
1967-02-01,34.8115
1967-03-01,34.7582
1967-04-01,34.9554
1967-05-01,34.671
1967-06-01,35.4641
1967-07-01,33.1313
1967-08-01,34.947
1967-09-01,35.9692
1967-10-01,36.195
1967-11-01,36.0605
1967-12-01,35.4395
1968-01-01,35.511
1968-02-01,36.4369
1968-03-01,36.7628
1968-04-01,36.5722
1968-05-01,37.0912
1968-06-01,38.0588
1968-07-01,35.6284
1968-08-01,36.6946
1968-09-01,38.1555
1968-10-01,38.2912
1968-11-01,38.1116
1968-12-01,37.021
1969-01-01,37.3799
1969-02-01,38.5041
1969-03-01,38.9972
1969-04-01,38.646
1969-05-01,38.5616
1969-06-01,39.8063
1969-07-01,37.4311
1969-08-01,38.9038
1969-09-01,40.1146
1969-10-01,40.0728
1969-11-01,38.9182
1969-12-01,37.6137
1970-01-01,37.0306
1970-02-01,37.9551
1970-03-01,38.057
1970-04-01,37.7895
1970-05-01,37.8074
1970-06-01,38.5761
1970-07-01,36.3268
1970-08-01,37.527
1970-09-01,38.3594
1970-10-01,37.4744
1970-11-01,36.4639
1970-12-01,36.1228
1971-01-01,36.5857
1971-02-01,37.5381
1971-03-01,37.5991
1971-04-01,37.6639
1971-05-01,37.93
1971-06-01,38.935
1971-07-01,36.404
1971-08-01,37.642
1971-09-01,39.3611
1971-10-01,39.5588
1971-11-01,38.8116
1971-12-01,37.7619
1972-01-01,39.0407
1972-02-01,40.2495
1972-03-01,40.7115
1972-04-01,41.2516
1972-05-01,41.3176
1972-06-01,42.3299
1972-07-01,39.813
1972-08-01,41.5014
1972-09-01,43.1295
1972-10-01,43.7915
1972-11-01,43.5379
1972-12-01,42.9315
1973-01-01,42.9213
1973-02-01,44.4823
1973-03-01,44.7144
1973-04-01,44.5431
1973-05-01,44.9827
1973-06-01,46.071
1973-07-01,43.907
1973-08-01,44.5923
1973-09-01,46.3612
1973-10-01,46.8022
1973-11-01,46.2884
1973-12-01,44.9129
1974-01-01,44.3978
1974-02-01,45.1368
1974-03-01,45.4183
1974-04-01,44.8507
1974-05-01,45.7323
1974-06-01,46.6693
1974-07-01,44.4476
1974-08-01,44.9374
1974-09-01,46.1035
1974-10-01,46.0226
1974-11-01,43.8021
1974-12-01,41.4835
1975-01-01,40.5091
1975-02-01,40.3506
1975-03-01,39.9872
1975-04-01,40.1005
1975-05-01,39.9437
1975-06-01,41.1346
1975-07-01,39.4009
1975-08-01,40.976
1975-09-01,42.335
1975-10-01,42.5095
1975-11-01,41.9959
1975-12-01,41.7351
1976-01-01,42.0533
1976-02-01,43.3232
1976-03-01,43.6627
1976-04-01,43.3142
1976-05-01,44.0792
1976-06-01,45.0898
1976-07-01,42.9699
1976-08-01,44.1756
1976-09-01,45.1848
1976-10-01,45.4037
1976-11-01,45.3712
1976-12-01,45.0687
1977-01-01,44.5485
1977-02-01,46.1613
1977-03-01,47.1219
1977-04-01,47.1279
1977-05-01,47.7358
1977-06-01,49.1943
1977-07-01,46.797
1977-08-01,47.5052
1977-09-01,48.8163
1977-10-01,49.0974
1977-11-01,48.3662
1977-12-01,47.7282
1978-01-01,46.8559
1978-02-01,48.14
1978-03-01,49.2802
1978-04-01,50.2976
1978-05-01,50.2369
1978-06-01,51.6545
1978-07-01,49.0243
1978-08-01,50.1103
1978-09-01,51.3943
1978-10-01,51.9775
1978-11-01,51.5022
1978-12-01,51.1007
1979-01-01,50.4333
1979-02-01,51.9052
1979-03-01,52.6481
1979-04-01,51.0239
1979-05-01,51.9052
1979-06-01,52.9535
1979-07-01,50.3887
1979-08-01,51.0766
1979-09-01,52.06
1979-10-01,52.4035
1979-11-01,51.6169
1979-12-01,51.1682
1980-01-01,51.1181
1980-02-01,52.121
1980-03-01,52.418
1980-04-01,50.6174
1980-05-01,49.2964
1980-06-01,49.6222
1980-07-01,47.2267
1980-08-01,48.7007
1980-09-01,50.0894
1980-10-01,50.639
1980-11-01,50.8897
1980-12-01,50.807
1981-01-01,50.4388
1981-02-01,51.0001
1981-03-01,51.6335
1981-04-01,50.5574
1981-05-01,50.8814
1981-06-01,52.0907
1981-07-01,50.4707
1981-08-01,51.5915
1981-09-01,51.6042
1981-10-01,51.3816
1981-11-01,50.2842
1981-12-01,49.5439
1982-01-01,48.6553
1982-02-01,50.1737
1982-03-01,49.9519
1982-04-01,48.7266
1982-05-01,48.3392
1982-06-01,49.1696
1982-07-01,47.3247
1982-08-01,48.0133
1982-09-01,48.2141
1982-10-01,47.7591
1982-11-01,47.0292
1982-12-01,46.4285
1983-01-01,47.6915
1983-02-01,47.8486
1983-03-01,48.3965
1983-04-01,48.2916
1983-05-01,48.4327
1983-06-01,49.7871
1983-07-01,48.7288
1983-08-01,50.3617
1983-09-01,51.6224
1983-10-01,51.8849
1983-11-01,51.3463
1983-12-01,51.2971
1984-01-01,52.9777
1984-02-01,53.7266
1984-03-01,54.1742
1984-04-01,53.7581
1984-05-01,53.7324
1984-06-01,55.0585
1984-07-01,53.2031
1984-08-01,54.5072
1984-09-01,55.0077
1984-10-01,54.6408
1984-11-01,54.1187
1984-12-01,53.8806
1985-01-01,54.4427
1985-02-01,55.2332
1985-03-01,55.3461
1985-04-01,54.3559
1985-05-01,54.3279
1985-06-01,55.5511
1985-07-01,53.1891
1985-08-01,54.703
1985-09-01,55.4795
1985-10-01,54.9361
1985-11-01,54.3791
1985-12-01,54.7888
1986-01-01,55.6976
1986-02-01,55.8341
1986-03-01,55.1432
1986-04-01,54.9237
1986-05-01,54.5608
1986-06-01,55.7067
1986-07-01,53.7997
1986-08-01,55.3235
1986-09-01,55.9269
1986-10-01,55.7632
1986-11-01,55.2589
1986-12-01,55.4505
1987-01-01,55.9301
1987-02-01,57.257
1987-03-01,57.3308
1987-04-01,56.6202
1987-05-01,57.1222
1987-06-01,58.863
1987-07-01,56.9236
1987-08-01,59.136
1987-09-01,59.4713
1987-10-01,60.1831
1987-11-01,59.6535
1987-12-01,59.479
1988-01-01,60.1842
1988-02-01,60.9109
1988-03-01,61.0161
1988-04-01,60.5434
1988-05-01,60.5128
1988-06-01,62.2873
1988-07-01,59.9007
1988-08-01,61.9306
1988-09-01,62.2083
1988-10-01,62.1897
1988-11-01,61.3382
1988-12-01,61.0634
1989-01-01,61.8451
1989-02-01,62.0998
1989-03-01,61.8478
1989-04-01,61.95
1989-05-01,61.0983
1989-06-01,62.7535
1989-07-01,59.7164
1989-08-01,62.2821
1989-09-01,62.4001
1989-10-01,62.061
1989-11-01,61.3274
1989-12-01,61.3523
1990-01-01,61.3525
1990-02-01,62.2777
1990-03-01,62.6285
1990-04-01,61.356
1990-05-01,61.9896
1990-06-01,63.8655
1990-07-01,61.4609
1990-08-01,63.5751
1990-09-01,64.053
1990-10-01,63.1737
1990-11-01,61.4827
1990-12-01,60.642
1991-01-01,60.9353
1991-02-01,60.7185
1991-03-01,60.0547
1991-04-01,60.0613
1991-05-01,60.4687
1991-06-01,62.7343
1991-07-01,60.4555
1991-08-01,62.6259
1991-09-01,63.3051
1991-10-01,62.8558
1991-11-01,61.7097
1991-12-01,60.911
1992-01-01,61.144
1992-02-01,62.0204
1992-03-01,62.7072
1992-04-01,62.072
1992-05-01,62.5781
1992-06-01,64.2529
1992-07-01,62.2508
1992-08-01,64.211
1992-09-01,64.394
1992-10-01,64.7377
1992-11-01,64.1861
1992-12-01,63.8356
1993-01-01,64.1955
1993-02-01,65.1198
1993-03-01,65.1659
1993-04-01,64.1958
1993-05-01,64.2251
1993-06-01,66.0451
1993-07-01,63.7785
1993-08-01,65.9619
1993-09-01,66.2828
1993-10-01,66.5179
1993-11-01,66.0087
1993-12-01,65.8127
1994-01-01,66.3993
1994-02-01,67.0075
1994-03-01,67.8106
1994-04-01,67.0605
1994-05-01,67.5007
1994-06-01,69.8198
1994-07-01,67.0001
1994-08-01,70.0187
1994-09-01,70.5663
1994-10-01,70.6881
1994-11-01,70.281
1994-12-01,70.4085
1995-01-01,70.619
1995-02-01,71.3951
1995-03-01,71.8319
1995-04-01,69.9426
1995-05-01,70.5643
1995-06-01,73.0292
1995-07-01,69.8395
1995-08-01,73.3771
1995-09-01,74.0233
1995-10-01,73.1697
1995-11-01,72.5684
1995-12-01,72.4197
1996-01-01,71.8969
1996-02-01,73.6981
1996-03-01,74.0255
1996-04-01,73.1075
1996-05-01,73.701
1996-06-01,76.6897
1996-07-01,73.3946
1996-08-01,76.8392
1996-09-01,77.8769
1996-10-01,77.0368
1996-11-01,76.9167
1996-12-01,76.8087
1997-01-01,76.8891
1997-02-01,78.5315
1997-03-01,79.3256
1997-04-01,78.4155
1997-05-01,78.4709
1997-06-01,80.8929
1997-07-01,77.689
1997-08-01,82.0122
1997-09-01,83.4393
1997-10-01,83.5733
1997-11-01,83.8754
1997-12-01,83.714
1998-01-01,83.3485
1998-02-01,84.4836
1998-03-01,85.2561
1998-04-01,83.176
1998-05-01,84.3924
1998-06-01,85.6956
1998-07-01,82.5197
1998-08-01,87.1137
1998-09-01,86.8403
1998-10-01,87.5971
1998-11-01,86.7015
1998-12-01,86.5746
1999-01-01,86.6045
1999-02-01,87.629
1999-03-01,88.9207
1999-04-01,87.0252
1999-05-01,87.8536
1999-06-01,90.1477
1999-07-01,86.4895
1999-08-01,90.7056
1999-09-01,90.2543
1999-10-01,91.347
1999-11-01,90.7106
1999-12-01,90.761
2000-01-01,90.5144
2000-02-01,91.2965
2000-03-01,92.8845
2000-04-01,91.6096
2000-05-01,91.9058
2000-06-01,94.8359
2000-07-01,90.4093
2000-08-01,93.8641
2000-09-01,94.3584
2000-10-01,93.6319
2000-11-01,92.5341
2000-12-01,92.0319
2001-01-01,90.9287
2001-02-01,91.0055
2001-03-01,91.9293
2001-04-01,88.8554
2001-05-01,89.5789
2001-06-01,91.707
2001-07-01,87.4351
2001-08-01,90.8855
2001-09-01,90.0943
2001-10-01,89.1341
2001-11-01,87.572
2001-12-01,87.0988
2002-01-01,87.5231
2002-02-01,88.1511
2002-03-01,89.5552
2002-04-01,88.7096
2002-05-01,89.1508
2002-06-01,92.7692
2002-07-01,88.3091
2002-08-01,92.3788
2002-09-01,92.271
2002-10-01,91.2403
2002-11-01,90.2465
2002-12-01,89.418
2003-01-01,90.1087
2003-02-01,91.0222
2003-03-01,91.6701
2003-04-01,89.138
2003-05-01,89.6601
2003-06-01,92.4511
2003-07-01,88.5183
2003-08-01,92.7466
2003-09-01,93.0049
2003-10-01,92.2643
2003-11-01,91.8176
2003-12-01,91.3032
2004-01-01,91.1469
2004-02-01,92.816
2004-03-01,93.1317
2004-04-01,91.4691
2004-05-01,92.8466
2004-06-01,95.0037
2004-07-01,92.0297
2004-08-01,95.5105
2004-09-01,94.9269
2004-10-01,95.245
2004-11-01,94.2353
2004-12-01,94.5751
2005-01-01,94.8034
2005-02-01,95.9358
2005-03-01,96.3718
2005-04-01,95.7106
2005-05-01,95.9619
2005-06-01,99.3175
2005-07-01,95.6909
2005-08-01,99.1665
2005-09-01,96.7927
2005-10-01,97.0284
2005-11-01,96.7182
2005-12-01,97.0838
2006-01-01,96.5178
2006-02-01,97.2296
2006-03-01,98.4925
2006-04-01,96.6676
2006-05-01,98.0038
2006-06-01,101.4201
2006-07-01,98.4232
2006-08-01,101.8188
2006-09-01,100.8347
2006-10-01,99.7156
2006-11-01,98.4817
2006-12-01,99.4472
2007-01-01,98.3636
2007-02-01,99.8495
2007-03-01,100.9223
2007-04-01,100.053
2007-05-01,100.9675
2007-06-01,103.9863
2007-07-01,100.7665
2007-08-01,104.0526
2007-09-01,103.539
2007-10-01,101.9831
2007-11-01,101.4623
2007-12-01,101.5447
2008-01-01,100.8906
2008-02-01,100.6704
2008-03-01,100.9865
2008-04-01,99.6537
2008-05-01,99.3094
2008-06-01,101.972
2008-07-01,99.2924
2008-08-01,99.9798
2008-09-01,94.8864
2008-10-01,94.6463
2008-11-01,92.5785
2008-12-01,90.4845
2009-01-01,87.9318
2009-02-01,87.1759
2009-03-01,86.2422
2009-04-01,83.9273
2009-05-01,84.1287
2009-06-01,86.3275
2009-07-01,85.7948
2009-08-01,88.8278
2009-09-01,88.0744
2009-10-01,87.7038
2009-11-01,87.3429
2009-12-01,88.0815
2010-01-01,88.9368
2010-02-01,88.985
2010-03-01,90.0566
2010-04-01,89.0803
2010-05-01,90.8466
2010-06-01,93.6375
2010-07-01,92.0813
2010-08-01,94.6792
2010-09-01,93.5784
2010-10-01,92.6716
2010-11-01,91.7553
2010-12-01,93.1518
2011-01-01,93.0379
2011-02-01,92.2574
2011-03-01,93.8836
2011-04-01,92.0885
2011-05-01,92.8115
2011-06-01,95.6322
2011-07-01,94.5969
2011-08-01,97.0276
2011-09-01,95.9479
2011-10-01,95.7452
2011-11-01,95.0501
2011-12-01,95.9271
2012-01-01,96.3189
2012-02-01,96.5144
2012-03-01,96.6272
2012-04-01,95.7775
2012-05-01,96.574
2012-06-01,99.0455
2012-07-01,97.5914
2012-08-01,99.2377
2012-09-01,98.224
2012-10-01,97.4016
2012-11-01,97.2944
2012-12-01,97.7619
2013-01-01,97.8199
2013-02-01,98.0943
2013-03-01,98.7528
2013-04-01,97.8161
2013-05-01,98.0455
2013-06-01,100.7451
2013-07-01,98.886
2013-08-01,101.5587
2013-09-01,100.9615
2013-10-01,99.8521
2013-11-01,99.5758
2013-12-01,99.8067
2014-01-01,99.7192
2014-02-01,100.3201
2014-03-01,101.8079
2014-04-01,100.3912
2014-05-01,101.2786
2014-06-01,104.1448
2014-07-01,102.3716
2014-08-01,104.8168
2014-09-01,103.9277
2014-10-01,102.8944
2014-11-01,103.0522
2014-12-01,102.9435
2015-01-01,102.346
2015-02-01,101.9134
2015-03-01,101.8934
2015-04-01,99.622
2015-05-01,99.854
2015-06-01,102.2875
2015-07-01,101.0565
2015-08-01,103.3122
2015-09-01,101.0527
2015-10-01,100.0854
2015-11-01,98.7737
2015-12-01,98.1496
2016-01-01,99.0133
2016-02-01,98.4912
2016-03-01,97.6373
2016-04-01,97.1722
2016-05-01,97.1217
2016-06-01,100.4575
2016-07-01,98.7039
2016-08-01,100.9294
2016-09-01,99.4425
2016-10-01,98.8386
2016-11-01,97.7327
2016-12-01,98.8012
2017-01-01,98.6971
2017-02-01,98.2214
2017-03-01,99.3166
2017-04-01,97.644
2017-05-01,98.8779
2017-06-01,101.8699
2017-07-01,100.2094
2017-08-01,101.6566
2017-09-01,100.2011
2017-10-01,100.9163
2017-11-01,100.7419
2017-12-01,101.6478
2018-01-01,101.6366
2018-02-01,101.7058
2018-03-01,102.4967
2018-04-01,101.8155
2018-05-01,101.2595
2018-06-01,104.6177
2018-07-01,103.3969
2018-08-01,106.0877
2018-09-01,104.5406
2018-10-01,103.4573
2018-11-01,103.2191
2018-12-01,103.6456
2019-01-01,103.146
2019-02-01,102.7272
2019-03-01,103.1139
2019-04-01,100.6069
2019-05-01,101.1774
2019-06-01,103.9516
2019-07-01,102.0047
2019-08-01,104.9158
2019-09-01,102.9184
2019-10-01,101.334
2019-11-01,101.5299
2019-12-01,101.7565
2020-01-01,101.2492
2020-02-01,101.9971
2020-03-01,97.9614
2020-04-01,82.6767
2020-05-01,84.9798
2020-06-01,92.9937
2020-07-01,95.0939
2020-08-01,98.2239
2020-09-01,95.703
2020-10-01,96.4557
2020-11-01,96.2847
2020-12-01,97.8694
2021-01-01,98.9665
2021-02-01,95.8886
2021-03-01,98.702
2021-04-01,96.9615
2021-05-01,98.1503
2021-06-01,100.802
2021-07-01,100.1131
2021-08-01,101.8919
2021-09-01,98.75
2021-10-01,100.1228
2021-11-01,100.6087
2021-12-01,100.6437
2022-01-01,101.5271
2022-02-01,102.0634
2022-03-01,103.2771
2022-04-01,100.8862
2022-05-01,101.9909
2022-06-01,103.9262
2022-07-01,103.3444
2022-08-01,104.8612
2022-09-01,103.4627
2022-10-01,103.0849
2022-11-01,102.4696
2022-12-01,101.6607
2023-01-01,102.7552
2023-02-01,102.9141
2023-03-01,103.375
2023-04-01,101.804
2023-05-01,101.909
2023-06-01,103.5035
2023-07-01,103.3639
2023-08-01,105.1458
2023-09-01,103.2998
2023-10-01,102.1654
2023-11-01,102.0599
2023-12-01,102.2236
2024-01-01,101.7062
2024-02-01,102.7477
2024-03-01,102.7146
2024-04-01,101.5078
2024-05-01,102.1207
2024-06-01,104.4835
2024-07-01,102.7745
2024-08-01,105.2869
